{
    "d_sample_benchmark_stats_e":{
        "coefficient":["beta_base", "beta_cdd", "beta_betc", "beta_hdd", "beta_beth"],
        "beta_median": [0.352, 0.008635, 11.8, 0.00609, 13.3],
        "beta_standard_deviation": [0.042105175, 0.003189988, 5.128711432, 0.00546208, 5.159961489]
    },
    "d_sample_benchmark_stats_f":{
        "coefficient":["beta_base", "beta_cdd", "beta_betc", "beta_hdd", "beta_beth"],
        "beta_median": [0.005805, 0, 0, 0.00698, 13.5],
        "beta_standard_deviation": [0.008327917, 0, 0, 0.00901039, 5.965051821]
    }
}