label;model;x0;ampli;fwhm;fwhm_l;fwhm_r;alpha
1;Lorentzian;520.030898513643;654.9308964003466;9.855570632872123;;;
2;Lorentzian;288.959488496585;18.864212297235166;80.12396973241032;;;
3;Lorentzian;623.2422163739249;15.488500719728044;93.83463537979327;;;
4;Lorentzian;948.7788334570934;38.905275006425214;22.524192663612485;;;
5;Lorentzian;537.6751626229083;75.0206388300135;22.664506579265876;;;
