label;model;x0;ampli;fwhm;fwhm_l;fwhm_r;alpha
1;Lorentzian;520.1076337120147;640.4407492395934;9.4984893936373;;;
2;Lorentzian;326.08320257074945;26.60751798526964;199.6732806080962;;;
3;Lorentzian;596.6649493808561;25.671870158603536;58.90777681496267;;;
4;Lorentzian;947.1844106592715;44.02141670850287;16.828346409024665;;;
5;Lorentzian;537.4579605536791;76.47546509900131;20.879519485211596;;;
