label;model;x0;ampli;fwhm;fwhm_l;fwhm_r;alpha
1;Lorentzian;520.3251601847882;580.4381154684941;10.18370367399224;;;
2;Lorentzian;327.94630906214655;26.655601064905913;192.562803057348;;;
3;Lorentzian;619.0106191714447;17.981394089580665;29.747301607572417;;;
4;Lorentzian;943.8873597531685;37.631725092130914;16.89328873958852;;;
5;Lorentzian;551.4123557631065;41.147470500076786;51.55319003831427;;;
