label;model;x0;ampli;fwhm;fwhm_l;fwhm_r;alpha
1;Lorentzian;520.3396987497687;571.2115808732918;10.236364276274934;;;
2;Lorentzian;327.37014437390525;30.514943878863644;193.69340482815494;;;
3;Lorentzian;615.3258386193488;15.531334300893498;60.931041393856766;;;
4;Lorentzian;946.9680826144379;26.75693851534103;24.220321411901292;;;
5;Lorentzian;543.684954048029;50.9282129484638;35.59834245505827;;;
