label;model;x0;ampli;fwhm;fwhm_l;fwhm_r;alpha
1;Lorentzian;520.0668613539456;635.6203378025771;9.926090369772545;;;
2;Lorentzian;303.6170610237968;15.38934055045834;114.80300315683485;;;
3;Lorentzian;618.9421327293412;15.570517738485652;66.80033778389965;;;
4;Lorentzian;953.8257244840122;39.31855655199004;31.688221706871467;;;
5;Lorentzian;538.0059109100466;73.42992577000076;23.098982084798735;;;
