label;model;x0;ampli;fwhm;fwhm_l;fwhm_r;alpha
1;Lorentzian;520.08684551472;653.5501558528454;9.99591900371951;;;
2;Lorentzian;311.6959122648035;17.01681416431815;199.41666742921157;;;
3;Lorentzian;617.6359490231142;20.08718336556719;87.30781068709987;;;
4;Lorentzian;946.3449703339478;38.981508057751064;24.28508690538066;;;
5;Lorentzian;537.4504576565771;71.18533987249663;24.6220422850024;;;
