label;model;x0;ampli;fwhm;fwhm_l;fwhm_r;alpha
1;Lorentzian;520.1823972025776;635.5187630778823;10.089286875163694;;;
2;Lorentzian;306.9578332787656;16.5451046903292;98.44314762552199;;;
3;Lorentzian;619.0970835924048;14.385291906734958;88.975234682292;;;
4;Lorentzian;948.3940494728947;32.60008241592188;35.95513248997339;;;
5;Lorentzian;537.5694687887536;79.85625163649947;24.287132840543723;;;
