label;model;x0;ampli;fwhm;fwhm_l;fwhm_r;alpha
1;Lorentzian;520.3929532075003;625.0014198939257;9.698993418386625;;;
2;Lorentzian;325.2428918938228;23.661701574767722;198.51313901231939;;;
3;Lorentzian;609.2610791771231;19.271247587117976;68.73828020279458;;;
4;Lorentzian;949.223236029508;36.91159694834162;18.71453006161399;;;
5;Lorentzian;541.7640897930995;49.80730826170958;36.53327552689508;;;
