label;model;x0;ampli;fwhm;fwhm_l;fwhm_r;alpha
1;Lorentzian;520.2564857575532;666.9751713723814;9.863793653476627;;;
2;Lorentzian;288.1232712491036;15.002555141988047;147.60114144986156;;;
3;Lorentzian;617.61431695907;20.40702022807966;76.14212955950319;;;
4;Lorentzian;949.8932007237324;35.06770100924334;34.549864100293135;;;
5;Lorentzian;537.6738629707613;67.34231347980236;23.83848972885363;;;
