label;model;x0;ampli;fwhm;fwhm_l;fwhm_r;alpha
1;Lorentzian;520.107482202006;649.8820912194182;10.172869123022444;;;
2;Lorentzian;288.08897590758966;17.733410357889625;95.43627696871218;;;
3;Lorentzian;622.1283462878009;15.665208095811856;96.628470515023;;;
4;Lorentzian;948.343463438236;38.74389493044176;29.779270611852127;;;
5;Lorentzian;539.0287228334842;69.87154916867571;27.479755226618263;;;
