label;model;x0;ampli;fwhm;fwhm_l;fwhm_r;alpha
1;Lorentzian;520.2593686543;594.0427041372831;9.973744081222936;;;
2;Lorentzian;325.95545268016343;21.88992501194339;199.95662832062143;;;
3;Lorentzian;610.9597053254867;21.380780868299183;58.16633344870819;;;
4;Lorentzian;947.4428577483517;38.15832877016707;17.03870741542204;;;
5;Lorentzian;541.3625799490337;49.82686627394759;37.131048996281955;;;
