label;model;x0;ampli;fwhm;fwhm_l;fwhm_r;alpha
1;Lorentzian;520.2686569670005;643.2579485518557;10.248012717456556;;;
2;Lorentzian;288.1235514434601;16.493394636951724;99.00970352326061;;;
3;Lorentzian;628.8715668954577;16.939321117227514;112.23352693909739;;;
4;Lorentzian;948.6211753829689;37.50617209200312;29.328428810676822;;;
5;Lorentzian;537.5452117711425;57.469876977922866;25.87291351298042;;;
