label;model;x0;ampli;fwhm;fwhm_l;fwhm_r;alpha
1;Lorentzian;520.2828473350168;604.8389790510512;10.808629336686504;;;
2;Lorentzian;325.79901638617326;31.823225416987434;187.72423952212276;;;
3;Lorentzian;604.5272917358536;17.70843162569606;66.63958340000391;;;
4;Lorentzian;946.3934900371644;34.73173309266059;13.196591436229122;;;
5;Lorentzian;553.9286052247016;37.623271113794964;34.44426199951588;;;
