label;model;x0;ampli;fwhm;fwhm_l;fwhm_r;alpha
1;Lorentzian;520.148555715392;653.3624674712579;9.852285387035199;;;
2;Lorentzian;289.3822284240413;16.0331976398688;81.81437583554045;;;
3;Lorentzian;628.1526523595826;18.698814003694242;92.0412738302146;;;
4;Lorentzian;955.3518057065337;38.88379357611637;43.4385996789425;;;
5;Lorentzian;539.6196339897976;71.77909764813329;27.30720245578788;;;
