label;model;x0;ampli;fwhm;fwhm_l;fwhm_r;alpha
1;Lorentzian;520.0612832610693;650.3732668636912;9.917687789514362;;;
2;Lorentzian;289.29802895489775;19.23573745848042;95.18444331853085;;;
3;Lorentzian;636.6279631281911;21.629651361733345;120.4183878485332;;;
4;Lorentzian;974.4076843733613;46.24346473724438;127.44581415527998;;;
5;Lorentzian;537.4524257391535;85.80149698832557;22.26407176522438;;;
