label;model;x0;ampli;fwhm;fwhm_l;fwhm_r;alpha
1;Lorentzian;520.0845882132518;658.0039435222011;9.7656824226236;;;
2;Lorentzian;288.11733271707686;15.800753941437662;91.9022045687897;;;
3;Lorentzian;625.5162396943782;16.73348402843619;73.80114656986156;;;
4;Lorentzian;949.8210936763336;37.748550519486656;31.5731510246686;;;
5;Lorentzian;537.7315186174308;75.5974068147186;27.638598164486282;;;
