label;model;x0;ampli;fwhm;fwhm_l;fwhm_r;alpha
1;Lorentzian;520.0269257226543;678.9048505887088;9.444811344368098;;;
2;Lorentzian;288.7080923164901;16.071015831478498;102.12788893563402;;;
3;Lorentzian;604.2188975243547;15.90783416921159;92.95931976840647;;;
4;Lorentzian;950.7163573470306;41.047709143048486;31.97225795896643;;;
5;Lorentzian;537.4496345653619;74.39714649471956;23.534219703516833;;;
